{"cameraMode":{"drawMode":0,"name":"Shaded","section":"Shading Mode"},"sceneLighting":false,"audioPlay":false,"sceneViewState":{"showFog":true,"showMaterialUpdate":false,"showSkybox":false,"showFlares":true,"showImageEffects":true,"showParticleSystems":true},"in2DMode":false,"pivot":{"x":-0.7057104110717773,"y":1.1229740381240845,"z":3.6213855743408205},"rotation":{"x":0.05714704096317291,"y":0.8393461108207703,"z":-0.5330455899238586,"w":0.08998550474643707},"size":1.362799048423767,"orthographic":false}